,neighborhood,neighborhood_id,city_id
0,حي النرجس,600,21
1,حي العارض,494,21
2,حي طويق,682,21
3,حي المهدية,588,21
4,حي الرمال,446,21
5,حي الواحة,3614,66
6,حي الملقا,570,21
7,حي بدر,648,21
8,حي ظهرة لبن,688,21
9,حي المونسية,590,21
10,حي بنبان,650,21
11,حي القيروان,536,21
12,حي الشرق,476,21
13,حي الزمرد,3494,66
14,حي الياسمين,632,21
15,حي عكاظ,698,21
16,حي ضاحية الملك فهد,1316,18
17,حي مريخ,3646,66
18,حي الرياض,3490,66
19,حي اليرموك,634,21
20,حي الريان,3492,66
21,حي ضاحية نمار,680,21
22,حي الحزم,414,21
23,حي النور,1306,18
24,حي الشعلة,1244,18
25,حي حطين,664,21
26,حي القادسية,530,21
27,حي الامواج,1044,12
28,حي المنار,3592,66
29,حي المروة,3586,66
30,حي العقيق,1096,12
31,حي قرطبة,706,21
32,حي النهضة,614,21
33,حي الصوارى,3532,66
34,حي الحمرا,1070,12
35,حي عريض,696,21
36,حي الصواري,1092,12
37,حي الخليج,422,21
38,حي الشراع,1090,12
39,حي الياقوت,3622,66
40,حي الصحافة,486,21
41,حي الصالحية,3524,66
42,حي الصفا,3528,66
43,حي الدار البيضاء,424,21
44,حي الملك فهد,3766,94
45,حي القريقر,3814,1
46,حي ظهرة نمار,690,21
47,حي الفروسية,3548,66
48,حي العقيق,504,21
49,حي النقرة,2056,67
50,حي اشبيلية,390,21
51,حي اللؤلؤ,1104,12
52,حي عرقة,694,21
53,حي الربيع,4014,70
54,حي العريجاء الغربية,498,21
55,حي الشفا,478,21
56,حي طيبة,1318,18
57,حي الكوثر,1100,12
58,حي الرحاب,2298,52
59,حي العزيزية,502,21
60,حي طيبة,3638,66
61,حي الغطغط,886,43
62,حي الجنادرية,410,21
63,حي جبرة,3362,26
64,حي السيف,1236,18
65,حي النخيل,596,21
66,حي طيبة,684,21
67,حي مخطط الدخل المحدود,1022,8
68,حي مخطط الموسى,4086,70
69,حي الروضة,452,21
70,حي بحرة,3630,66
71,حي الدرعية الجديدة,304,16
72,حي الرحمانية,3480,66
73,حي الفردوس,1264,18
74,حي النزهة,3602,66
75,حي التحلية,1056,12
76,حي النسيم الغربي,606,21
77,حي الحمدانية,3468,66
78,حي الشاطئ,154,65
79,حي جنوب الهفوف,1652,46
80,حي الشراع,3516,66
81,حي العكيشية,3748,94
82,حي النفل,610,21
83,حي البحيرة,1050,12
84,حي السلامة,3508,66
85,حي الندى,598,21
86,حي القدس,532,21
87,حي الربيع,440,21
88,حي العليا,506,21
89,حي السويس,152,65
90,حي ابحر الشمالية,3424,66
91,حي الواحة,4064,70
92,حي المحمدية,538,21
93,حي اللؤلؤ,3572,66
94,حي المرجان,1108,12
95,حي المصيف,556,21
96,حي الوادي,622,21
97,حي النظيم,608,21
98,حي الازدهار,392,21
99,حي غرناطة,704,21
100,حي البحر,1048,12
101,حي السويدي,470,21
102,حي الحمراء,416,21
103,حي بدر,1312,18
104,حي القرينة,3562,66
105,حي الفلاح,522,21
106,حي هجر,1354,27
107,حي الفيصلية,3558,66
108,حي المنار,1288,18
109,حي نمار,718,21
110,حي الهدى,1638,46
111,حي الفيحاء,3556,66
112,حي الربوة,3476,66
113,حي ديراب,668,21
114,حي الخالدية,302,16
115,حي المعيزلة,564,21
116,حي الوسام,3350,26
117,حي الرانوناء,2960,41
118,حي الملك فيصل,578,21
119,حي السعادة,460,21
120,حي الربوة,438,21
121,حي الصدفة,1246,18
122,حي نبلاء,3086,41
123,حي الامانة,1188,18
124,حي الورود,624,21
125,حي النزهة,602,21
126,حي الجامعيين,2278,52
127,حي الشقة,2314,52
128,حي درة المنسك,3832,1
129,حي سلطانة,2402,52
130,حي المروج,548,21
131,حي الفلاح,3554,66
132,حي الملك فهد,576,21
133,حي الزهرة,458,21
134,حي ثول,3416,64
135,حي احد,1180,18
136,حي الاندلس,396,21
137,حي ابحر الجنوبية,3422,66
138,حي الراشدية,3712,94
139,حي السليمانية,468,21
140,حي الخالدية,3382,34
141,حي ابرق الرغامة,3426,66
142,حي التعاون,404,21
143,حي العريجاء الوسطى,500,21
144,حي الدفاع,2954,41
145,حي السويفلة,2036,67
146,حي الجنادرية,902,63
147,حي الرجاء,1082,12
148,حي مشرف,296,13
149,حي الامواج,3432,66
150,حي الرحاب,3478,66
151,حي الشاطئ,3514,66
152,حي لبن,708,21
153,حي الواحة,1640,46
154,حي النعيم,3606,66
155,حي الروابي,450,21
156,حي الفيحاء,1270,18
157,حي ظهرة البديعة,686,21
158,حي الملز,568,21
159,حي الشوقية,3734,94
160,حي ابو معن,1866,85
161,حي الزاهر,266,13
162,حي الطرف,1584,46
163,حي الملك فهد,3022,41
164,حي الفضيلة,3552,66
165,حي بطحاء قريش,3782,94
166,حي الريان,454,21
167,حي المنتزه,1290,18
168,حي النسيم,3604,66
169,حي الرحمانية,442,21
170,حي الملك عبدالله,870,40
171,حي الشهداء,482,21
172,حي الفرسان,1266,18
173,حي البشائر,3446,66
174,حي رماح,942,76
175,حي الندى,1298,18
176,حي المغرزات,566,21
177,حي المرسلات,544,21
178,حي المحمدية,3578,66
179,حي الجسر,1062,12
180,حي النهضة,4058,70
181,حي الزهراء,3496,66
182,حي أحد,646,21
183,حي النسيم الشرقي,604,21
184,حي مطار الملك خالد الدولي,712,21
185,حي غرناطة,896,43
186,حي المطار,3018,41
187,حي النهضة,3608,66
188,حي الأمل,1194,18
189,حي السويدي الغربي,472,21
190,حي البساتين,3444,66
191,حي الروضة,3486,66
192,حي النسية,2054,67
193,حي الحمراء و ام الجود,3704,94
194,حي الغدير,514,21
195,حي الخزامى,1076,12
196,حي الضباب,1252,18
197,حي السكة الحديدية,2976,41
198,حي النايفية,1632,46
199,حي المنار,2584,91
200,حي الفيصلية,1272,18
201,حي جامعة الدمام,1314,18
202,حي ورقان,3088,41
203,حي الدريهمية,428,21
204,حي شخيب,892,43
205,حي الروابي,3484,66
206,حي المنار,582,21
207,حي العوالي,3752,94
208,حي الهياثم,900,47
209,حي شوران,3066,41
210,حي الصفاء,272,13
211,حي السكب,2974,41
212,حي الهدا,618,21
213,حي القصور,1348,27
214,حي السامر,3500,66
215,حي الفيصلية,280,13
216,حي المطار,1286,18
217,حي مذينب,3080,41
218,حي السلام,464,21
219,حي الديرة القديمة,906,63
220,حي الرائد,436,21
221,حي النوارية,3774,94
222,حي بيش,138,56
223,حي العزيزية,2994,41
224,حي الفيحاء,526,21
225,حي العمرة الجديدة,3750,94
226,حي المرجان,3584,66
227,حي الصفا,488,21
228,حي ابو سبعة,2838,59
229,حي الروابي,146,65
230,حي الريان,2304,52
231,حي الهدا,890,43
232,حي الملك فهد,2582,91
233,حي المعذر الشمالي,560,21
234,حي العزيزية,3854,4
235,حي الظفير,4430,5
236,حي المنتزه,3594,66
237,حي العرين,3804,1
238,حي المروة,546,21
239,حي البدنة,2022,67
240,حي الراشدية,260,13
241,حي ازميرالدا,3668,93
242,حي الشرفية,3798,1
243,حي المعمورة,4048,70
244,حي الكوثر,3570,66
245,حي المحمدية,2566,91
246,حي الخمرة,3474,66
247,حي العليا,884,43
248,حي الصناعية الجديدة,274,13
249,حي الحناكية,2920,11
250,حي الشفاء,948,82
251,حي الشرائع,3730,94
252,حي شبرا,674,21
253,حي مخطط الرواف,2408,52
254,حي الجامعيين,1204,18
255,حي القاع البارد,2340,52
256,حي المروج,3816,1
257,حي حدري البلاد,2062,67
258,حي خب القبر,2390,52
259,حي الخضراء,3708,94
260,حي الشاطئ الشرقي,1238,18
261,حي ام حبلين,3626,66
262,حي ام السلم,3624,66
263,حي السلام,2978,41
264,حي بني مالك,3634,66
265,حي الحيلة الغربي,4096,92
266,حي المدينة الصناعية الجديدة,540,21
267,حي الراكة الجنوبية,1080,12
268,حي الخريمي,2024,67
269,حي الورود,3618,66
270,حي بقعاء,2014,53
271,حي الفيصلية,3338,26
272,حي غسلة,960,82
273,حي البحيرات,3686,94
274,حي الزرقاء,2306,52
275,حي النزهة,2452,78
276,حي الاميرعبدالمجيد,3438,66
277,حي طويق,894,43
278,حي المروج,2572,91
279,حي النبهانية,2256,44
280,حي جرير,662,21
281,حي النخيل,3596,66
282,حي القرى,3812,1
283,حي السروات,3796,1
284,حي الغنامية,516,21
285,حي الجوهرة,1208,18
286,حي الشاطئ الغربي,1240,18
287,حي البوادي,3454,66
288,حي القادسية,2120,7
289,حي مخطط المحمدية,2126,7
290,حي العزيزية,278,13
291,حي هذلولة,898,43
292,حي العسيلة,36,2
293,حي الجزيرة,408,21
294,حي قلعة مخيط,3076,41
295,حي الخزامى,2026,67
296,حي ذلالة,4068,70
297,حي السلي,466,21
298,حي الخزامى,258,13
299,حي بريمان,3632,66
300,حي الضباط,492,21
301,حي المهدج,56,2
302,حي الخالدية,3320,26
303,حي العزيزية,3538,66
304,حي الراشدية,1548,46
305,حي الزهور,1230,18
306,حي الزهور,3846,4
307,حي السلمانية الجنوبية,1562,46
308,حي الرفيعة,444,21
309,حي مشرفة,3648,66
310,حي جلمودة,1016,8
311,حي الوفاء,2612,91
312,حي المبعوث,3014,41
313,حي السد,2970,41
314,حي النهضة,1304,18
315,حي المروج,842,35
316,حي الفيصلية,1510,45
317,حي السد,4022,70
318,حي الزيتون,3848,4
319,حي البديعة,398,21
320,حي النزهة,1300,18
321,حي الخبيبية,2292,52
322,حي الفهد,2118,7
323,حي العريض,2992,41
324,حي الواحة,620,21
325,حي الصفا,158,65
326,حي خاخ,3056,41
327,حي الصليب الشرقي,3656,73
328,حي الجماوات,2940,41
329,حي الربوة,1686,54
330,حي النورس,1308,18
331,حي الريان,358,19
332,حي الملك عبدالله,574,21
333,حي المنصورة,584,21
334,حي مخطط الراجحي,1668,46
335,حي الجصة,2938,41
336,حي الفرنيسية الشرقية,3664,73
337,حي ضمد,84,2
338,حي الرمانة,2964,41
339,حي الصبوح,3658,73
340,حي الوسيطى,2378,52
341,حي المدينة الرياضية,1106,12
342,حي مخطط الصهبان,4404,96
343,حي الرحبة,944,82
344,حي الربيع,1504,45
345,حي عتود,4082,70
346,حي البرج,252,13
347,حي الجامعيين,1530,46
348,حي القطبية,3340,26
349,حي البلقاء,2932,41
350,حي المصفاة,554,21
351,حي الروابي,2302,52
352,حي العسيلة,3746,94
353,حي الاندلس,3684,94
354,حي منطقة محطة القطار,3680,93
355,حي الغراء,3004,41
356,حي الحمراء,3470,66
357,حي الدوحة الجنوبية,1342,27
358,حي النور,168,65
359,حي الرابية,1546,46
360,حي المربع,542,21
361,حي الشرق,1242,18
362,حي مشعل,2410,52
363,حي الخور,1078,12
364,حي ضراس,2404,52
365,حي الصالحية,1976,88
366,حي الحمر,2286,52
367,حي سلطانة,672,21
368,حي القضيمة,3414,64
369,حي الشفاء,4028,70
370,حي الوسيطاء,2058,67
371,حي ابو كبير,2924,41
372,حي الغزالة,2012,31
373,حي الثقبة,1060,12
374,حي شهبة,4434,5
375,حي العزيزية,3744,94
376,حي الهدراء,3030,41
377,حي الحائر,412,21
378,حي عين الخيف,3072,41
379,حي الكعكية,3756,94
380,حي ام الحمام الغربي,640,21
381,حي طيبة,3068,41
382,حي قرطبة,2102,6
383,حي العزيزية,1590,46
384,حي رغدان,4432,5
385,حي الروابي,2966,41
386,حي الصدر,922,69
387,حي الملك خالد,2580,91
388,حي الانوار,1192,18
389,حي الاصالة,3430,66
390,حي الصناعية,838,35
391,حي الفاخرية,2550,91
392,حي جنوب منسوبي التعليم,1654,46
393,حي اشبيلية,1680,54
394,حي الروضة,148,65
395,حي المناخ,580,21
396,حي الجشة,1536,46
397,حي القشلة,1346,27
398,حي البديعة,250,13
399,حي الحيلة الشرقي,4094,92
400,حي بني بياضة,3036,41
401,حي البشر,2268,52
402,حي المصيف,2876,59
403,حي الصليب الغربي,3654,73
404,حي الروضة,2844,59
405,حي الخالدية,3472,66
406,حي الورش الجنوبية,2376,52
407,حي منطقة صناعية,298,13
408,حي السنابل,3512,66
409,حي المدينة الصناعية الثانية,1280,18
410,حي وسط ثول,3420,64
411,حي منطقة الزراعية,2902,59
412,حي العليا,1098,12
413,حي المصيف,2044,67
414,حي الفاروق,520,21
415,حي الخالدية,2494,91
416,حي المثلث,1608,46
417,حي البصر,2270,52
418,حي النهضة,1896,85
419,حي عين الذيب,2406,52
420,حي التعاون,1058,12
421,حي الشرفية,474,21
422,حي عودة,3370,26
423,حي الجامعة,1334,27
424,حي العقربية,1094,12
425,حي التلال,1872,85
426,حي الخالدية,418,21
427,حي الرفيعة,262,13
428,حي الكورنيش,1102,12
429,حي البركة,254,13
430,حي الشفق,2312,52
431,حي المطار,162,65
432,حي البندرية,1524,46
433,حي حثم,3054,41
434,حي الساحل,3498,66
435,حي الشرفية,3518,66
436,حي النزهة,3770,94
437,حي الوشحاء,3352,26
438,حي الضرس,4108,92
439,حي العونية,2546,91
440,حي السلام,2526,91
441,حي العريجاء,496,21
442,حي البغدادية الغربية,3450,66
443,حي الحزام الذهبي,1068,12
444,حي مهزور,3084,41
445,حي الشفاء,1770,68
446,حي الخنساء,3710,94
447,حي البريكة,2266,52
448,حي الروابي,1084,12
449,حي الفايزية,2338,52
450,حي المصيف,1894,85
451,حي السلامة,3724,94
452,حي الهجرة,3776,94
453,حي قصر الخليج,1324,18
454,حي المزروعية,1284,18
455,حي اليمامة,636,21
456,حي الروضة,4100,92
457,حي النقع الشرقية,2370,52
458,حي الخبر الجنوبية,1072,12
459,حي السداد,3324,26
460,حي المصانع,552,21
461,حي الروضة,1226,18
462,حي المروج,888,43
463,حي الاجاويد,3428,66
464,حي القويع,2344,52
465,حي الاخضر,2260,52
466,حي المطيرفي,1620,46
467,حي الزهور,150,65
468,حي الدويخلة,2956,41
469,حي ام الساهك,1898,85
470,حي مدينة العمال,1120,12
471,حي الخبر الشمالية,1074,12
472,حي الفيصلية,528,21
473,حي صلاح الدين,676,21
474,حي النخيل,2094,6
475,حي الاندلس,1046,12
476,حي الضريب,840,35
477,حي الفاخرية,518,21
478,حي قصر بن عقيل,2168,20
479,حي اليمامة,2618,91
480,حي المطار,866,40
481,حي اشبيليا,1040,12
482,حي الزهرة,2968,41
483,حي الملك عبدالله,3966,57
484,حي الاسكان,2262,52
485,حي الريان,1766,68
486,حي الصفراء,2322,52
487,حي الناصرية,2364,52
488,حي مدينة الملك عبدالعزيز الطبية,3644,66
489,حي مطار الملك عبدالعزيز الدولي,3650,66
490,حي اليرموك,1804,68
491,حي الفردوس,3546,66
492,حي النسيم,2596,91
493,حي الوقف,958,82
494,حي الرصيفة,3714,94
495,حي اجياد,3682,94
496,حي الضاحي,2326,52
497,حي المشاعل,550,21
498,حي الواحة,2606,91
499,حي شظاة,3064,41
500,حي الوادي,1800,68
501,حي حطين,764,22
502,حي الامير سلمان,848,40
503,حي النقس,3028,41
504,حي الجابرة,2934,41
505,حي الزهراء,456,21
506,حي اسكان قوى الامن العام,2840,59
507,حي الخليج,1502,45
508,حي البرية,400,21
509,حي الازهار,3380,34
510,حي العويمرية,1594,46
511,حي عبدالله فؤاد,1320,18
512,حي الشروق,3520,66
513,حي الروضة,3878,39
514,حي القافلة,4040,70
515,حي الخالدية الشمالية,1212,18
516,حي الخالدية,346,19
517,حي الرائد,1758,68
518,حي البديعة,2466,91
519,حي صامطة,182,83
520,حي العزيزية,1258,18
521,حي القريات,3284,9
522,حي الاندلس,850,40
523,حي السلام,1232,18
524,حي الفيحاء,1778,68
525,حي مليحة,2640,91
526,حي الرونه,3844,4
527,حي الصفا,2536,91
528,حي الصالحية,3852,4
529,حي المنتزة,754,22
530,حي ام الحمام الشرقي,638,21
531,حي غرب النابية,1860,80
532,حي الشفاء,2532,91
533,حي العدل,3742,94
534,حي قنبورة,88,2
535,حي قرطبة,1704,54
536,حي البركة,2930,41
537,حي غبيرة,702,21
538,حي الوهلان,2614,91
539,حي الخالدية,2950,41
540,حي البندرية,1054,12
541,حي التنعيم,3692,94
542,حي الحزام الاخضر,1066,12
543,حي رامات,2100,6
544,حي المطار القديم,2350,52
545,حي البساتين,1684,54
546,حي المحمدية,1782,68
547,حي البلد,2918,86
548,حي خب روضان,2396,52
549,حي الصناعية,2186,24
550,حي الربوة,2296,52
551,حي شمال الدرعية,320,16
552,حي النسيم,4056,70
553,حي الاندلس,3440,66
554,حي الجامعيين,854,40
555,حي بدر,380,19
556,حي العزيزية,2038,67
557,حي اجا,2018,67
558,حي مخطط الرابية,2898,59
559,حي مخطط علي الخرس واحمد الشهاب,1670,46
560,حي الزاهر,2518,91
561,حي الجرادية,406,21
562,حي النهضة,292,13
563,حي المنتزه,2356,52
564,حي الحمراء,2492,91
565,حي الجامعة,3696,94
566,حي السلامة,3850,4
567,حي الرفيعة,2300,52
568,حي النسيم,3772,94
569,حي الهدى,3610,66
570,حي اليمامة,294,13
571,حي المنتزه الشرقي,2048,67
572,حي كتانة,3078,41
573,حي الغابة,3002,41
574,حي الزهراء,1430,33
575,حي الورود,64,2
576,حي المؤتمرات,592,21
577,حي المروج ب,2874,59
578,حي السروات,3504,66
579,حي البحيرة,2020,67
580,حي الحمراء,1210,18
581,حي الشميسي,480,21
582,حي النهضة,3860,4
583,حي الروضة,858,40
584,حي مدائن الفهد,3642,66
585,حي الليث,3398,37
586,حي الفيصلية,220,84
587,حي واسط,2412,52
588,حي مسره,3374,26
589,حي الريان,734,22
590,حي النسيم,3888,39
591,حي السليمانية,2528,91
592,حي السلام,268,13
593,حي المريديسية,2348,52
594,حي الخالدية,3788,1
595,حي اليرموك,1114,12
596,حي مخطط كريم الدرزي,2802,79
597,حي الربوة,3792,1
598,حي الوزارات,626,21
599,حي الخزامى,2496,91
600,حي المنتزة,282,13
601,حي الفاروق,998,8
602,حي الاندلس,248,13
603,حي المدينة العسكرية,3856,4
604,حي الحجاز,990,8
605,حي الفردوس,1000,8
606,حي الاسكان,2926,41
607,حي الخزان,3934,57
608,حي النخيل,1792,68
609,حي مدينة العمال,1326,18
610,حي النازية,2362,52
611,حي العالية,276,13
612,حي الرصراص,4016,70
613,حي الجلوية,1206,18
614,حي الجبيل البلد,988,8
615,حي حطين,382,19
616,حي الزهور,1146,15
617,حي اللسيب,2346,52
618,حي هيت,720,21
619,حي المروج,804,30
620,حي بئر عثمان,3046,41
621,حي النسيم,1636,46
622,حي الخالدية,3706,94
623,حي الملك عبدالعزيز,786,23
624,حي الناصفة,288,13
625,حي قرطبة,1810,68
626,حي الريان,264,13
627,حي رح الحجاجة,74,2
628,حي الربوة,1760,68
629,حي القصور,2560,91
630,حي الرويس,3488,66
631,حي الملك عبدالعزيز,572,21
632,حي قرطبة,1118,12
633,حي خب العكرش,2388,52
634,حي الرقيقة,1554,46
635,حي المظلل,2352,52
636,حي الصناعية,2152,20
637,حي تربه,2016,61
638,حي مصده,386,19
639,حي البيضاء,2108,7
640,حي الريان,2516,91
641,حي الوشام,630,21
642,حي المروج,1784,68
643,حي ابن سينا,1038,12
644,حي القصواء,3010,41
645,حي الحزم,2136,20
646,حي الخزامى,420,21
647,حي الامراء,1518,46
648,حي الربوه,1970,88
649,حي المنتزه الغربي,2050,67
650,حي الهضبة,1310,18
651,حي الهرير,4060,70
652,حي المعابدة,3764,94
653,حي الاسكان,1042,12
654,حي الظاهرة,2988,41
655,حي المروة,2570,91
656,حي الحجاج,966,89
657,حي جبل عير,3052,41
658,حي الدوحة الشمالية,1344,27
659,حي المنطقة الصناعية الاولى,3674,93
660,حي الملك فهد,374,19
661,حي الخيف,3270,9
662,حي الربيع,3876,39
663,حي الحوطة,2138,20
664,حي السفن,1088,12
665,حي مهد الذهب,3118,95
666,حي الاندلس,3868,39
667,حي الصناعية,1248,18
668,حي ام الشعال,642,21
669,حي الروضة,2142,20
670,حي الامير فواز الجنوبي,3434,66
671,حي غرناطة,1322,18
672,حي الفيصلية,3886,39
673,حي الصناعية,800,30
674,حي المنطقة الصناعية,120,3
675,حي الاندلس,2068,6
676,حي العزيزية,2088,6
677,حي المزروع,1616,46
678,حي السليمانية,3510,66
679,حي غرناطة,1806,68
680,حي المحمدية,1278,18
681,حي الروابي,3716,94
682,حي الجال,3318,26
683,حي الرحاب,196,84
684,حي قروى,3372,26
685,حي الجوهرة,3466,66
686,حي ام العراد,3360,26
687,حي تهامة,1350,27
688,حي السحيمية,2524,91
689,حي المروج,864,40
690,حي الجامعة,1750,68
691,حي ارامكو السعودية,1332,27
692,حي المنصورية,586,21
693,حي مخطط الراجحي,2900,59
694,حي الخليج,3842,4
695,حي الاثير,1186,18
696,حي اللواء الرابع عشر,4042,70
697,حي الاحتفالات,2128,20
698,حي الحزم,2422,78
699,حي محاسن البلدية,1664,46
700,حي المنطقة الصناعية,952,82
701,حي الذهبي,2502,91
702,حي النهضة,1796,68
703,حي الخضرية,1214,18
704,حي السالمية,2310,52
705,حي رهط,3060,41
706,حي الصقور,4030,70
707,حي عليشة,700,21
708,حي الاحساء,984,8
709,حي ابها الجديدة,3784,1
710,حي البساتين,3892,55
711,حي منفوحة الجديدة,716,21
712,حي الناصرية,340,17
713,حي المصيف,930,69
714,حي الاصيفرين,2928,41
715,حي المطار,1986,88
716,حي الجامعة,2936,41
717,حي البلدية,1746,68
718,حي القمرية,3342,26
719,حي الهلالية,2124,7
720,حي محاسن ارامكو,1662,46
721,حي عتيقة,692,21
722,حي الامير سلطان,3924,57
723,حي منفوحة,714,21
724,حي القادسية,1598,46
725,حي رواق,2400,52
726,حي الورود,3862,4
727,حي الزهراء,4102,92
728,حي الزهراء,2032,67
729,حي الفيصلية,1780,68
730,حي مكة,1030,8
731,حي بني ظفر,3040,41
732,حي الرضا,1420,33
733,حي الاتصالات,1184,18
734,حي المنتزه الجنوبي,2358,52
735,حي الوهط,3358,26
736,حي جامعة الأميرة نورة,656,21
737,حي المدينة الجديدة,242,10
738,حي البيلسان,3670,93
739,حي النسيم,954,82
740,حي الخليج,2498,91
741,حي النسيم,3824,1
742,حي الزهور,20,2
743,حي المشاعر,3762,94
744,حي القادسية,2240,42
745,حي الكوثر,1848,80
746,حي الخشابية,14,2
747,حي النزهة,58,2
748,حي الرحمانية,2504,91
749,حي المطار,2046,67
750,حي التشاليح,1500,45
751,حي المنيزلة,1630,46
752,حي البساتين,2070,6
753,حي الاندلس,986,8
754,حي الاندلس,876,43
755,حي حي الشرفة,4388,96
756,حي خب القصبا,2392,52
757,حي العدامة,1256,18
758,حي الفيحاء,1002,8
759,حي الوشم,956,82
760,حي الشفاء,332,17
761,حي الاراك,140,65
762,حي المعذر,558,21
763,حي الجلده,2480,91
764,حي النابية,1852,80
765,حي المجد,2450,78
766,حي الهضيبة,2888,59
767,حي النزهة,1170,15
768,حي النزهة,290,13
769,حي المعارض,978,89
770,حي العانبس,2990,41
771,حي الاشرفية,2464,91
772,حي الملك فهد,54,2
773,حي القصيعة,2342,52
774,حي الفيصلية,910,63
775,حي الجامعة,3464,66
776,حي الصناعية,490,21
777,حي الاسكان,394,21
778,حي بترومين,2892,59
779,حي النهضة,756,22
780,حي الجنادرية,4092,92
781,حي العريمضي,2330,52
782,حي اليرموك,2166,20
783,حي الفنار,1268,18
784,حي السلمانية الشمالية,1564,46
785,حي الدانة الشمالية,1340,27
786,حي النهضة,2886,59
787,حي الصفا,32,2
788,حي الفيصلية الجنوبية,2868,59
789,حي الخليج,1216,18
790,حي الملك خالد,2158,20
791,حي اليمامة,760,22
792,حي الوسطى,2610,91
793,حي السيح,738,22
794,حي الخالدية,1540,46
795,حي الشفا,3522,66
796,حي الموطا,2360,52
797,حي الخالدية,256,13
798,حي الخاتم,2948,41
799,حي الحديقة,2944,41
800,حي الغراء,214,84
801,حي وسط المدينة,4436,5
802,حي السمراء,2034,67
803,حي الهدا,1112,12
804,حي السلامة,4104,92
805,حي الشاطئ,1150,15
806,حي النهضة,2454,78
807,حي القادسية,1274,18
808,حي السليمانية,270,13
809,حي الراية,2962,41
810,حي صناعية الثقبة,1116,12
811,حي المدينة,1694,54
812,حي جرية العمران وخب الثنيان,2380,52
813,حي السلام,736,22
814,حي الحزيمية,878,43
815,حي المطار,2578,91
816,حي الناصرية,594,21
817,حي الاصفر,964,89
818,حي بني حارثة,3038,41
819,حي الفيحاء,1822,74
820,حي الدريدي,1876,85
821,حي الامن,2264,52
822,حي الخالدية,3402,61
823,حي المناخ,1728,58
824,حي ابو بريقاء,2922,41
825,حي العليا,2332,52
826,حي العود,512,21
827,حي النخيل,1296,18
828,حي الوبرة,3032,41
829,حي المصيف,2576,91
830,حي الشرقية,3328,26
831,حي العزيزية,4036,70
832,حي رح صعبة,76,2
833,حي الظبيه,208,84
834,حي الزهرة,1560,46
835,حي الجندل,2134,20
836,حي المنتزة,1824,74
837,حي الزاهر,3720,94
838,حي دارين,1018,8
839,حي الجميزة,3698,94
840,حي شباعة,4074,70
841,حي ذو الحليفة,3058,41
842,حي الحشيبرية,190,84
843,حي السليمانية,1768,68
844,حي المصيف,806,30
845,حي السلام,1148,15
846,حي الرونة,200,84
847,حي الوصايف,3830,1
848,حي السنبلة,362,19
849,حي الخالدية,1752,68
850,حي البلد,4090,92
851,حي الجرادية,172,83
852,حي مخطط غرب المزارع,1028,8
853,حي الصالحية,2534,91
854,حي قرطبة,2252,42
855,حي خب الكيفة,2394,52
856,حي الاندلس,2418,78
857,حي جامعة الملك سعود,658,21
858,حي الخالدية,2110,7
859,حي النزهة,1634,46
860,حي الفتح,3006,41
861,حي المنتزة,2586,91
862,حي البديع,1200,18
863,حي العليا,2864,59
864,حي الباطن,1744,68
865,حي ام سليم,644,21
866,حي النخيل,3026,41
867,حي الروضة,946,82
868,حي الصفاء,1772,68
869,حي ابن خلدون,1178,18
870,حي سكن المدينة العسكرية,4072,70
871,حي الفوطة,524,21
872,حي الجوهرة,2482,91
873,حي المتنزهات,3574,66
874,حي سكن القاعدة الجوية,4070,70
875,حي السعيدان,326,17
876,حي السرورية,3506,66
877,حي الهداء,2604,91
878,حي جامعة الملك عبدالعزيز,3636,66
879,حي الخليج,3874,39
880,حي النور,616,21
881,حي النسيم,2366,52
882,حي شمال الفهد,4396,96
883,حي الزهراء,3722,94
884,حي اسكان الدمام,1182,18
885,حي الغماس,2334,52
886,حي نبعه,2254,42
887,حي الصباخ,2318,52
888,حي العماجية,508,21
889,حي الدوحة,4012,70
890,حي نجد,1034,8
891,حي اليرموك,1176,15
892,حي جامعة الامام محمد بن سعود الاسلامية,654,21
893,حي الملك فهد,2696,72
894,حي المنصورة,284,13
895,حي النصار,2368,52
896,حي ثليم,652,21
897,حي مرخ,776,22
898,حي الرويعيات,2846,59
899,حي النايفية,1790,68
900,حي العيون,3000,41
901,حي المروج,2872,59
902,حي البصرة,4088,92
903,حي الحجون,3700,94
904,حي وعيرة,3090,41
905,حي السادة,2308,52
906,حي الحويقية,2288,52
907,حي المنيفية,286,13
908,حي الروغاني,2512,91
909,حي البشائر,142,65
910,حي الراعب,4426,5
911,حي الورود,1642,46
912,حي الربوة,2140,20
913,حي الدويمة,2958,41
914,حي العزيزية,1776,68
915,حي الصالحية,1580,46
916,حي الوادي,2608,91
917,حي الدفاع,430,21
918,حي التعاون,3980,60
919,حي الفردوس,216,84
920,حي الصمد,3660,73
921,حي النموذجية,612,21
922,حي السيح,2980,41
923,حي القادسية,2558,91
924,حي المطار,1696,54
925,حي الفضل,3550,66
926,حي القبلتين,3008,41
927,حي المها,1110,12
928,حي المضايا,52,2
929,حي وهطان,2414,52
930,حي ام خالد,3034,41
931,حي السلام,360,19
932,حي عروة,3070,41
933,حي الشهداء الجنوبية,3330,26
934,حي النقع الغربية,2372,52
935,حي الخالدية,322,17
936,حي الحويلات,992,8
937,حي ابن خلدون,2104,7
938,حي وادي الرمة,2170,20
939,حي جواثا,1656,46
940,حي جبل جمة وغرابة,3050,41
941,حي رنية,3666,77
942,حي الجبنون,2822,50
943,حي ذرة,3834,1
944,حي النرجس,1732,58
945,حي الروضة,3718,94
946,حي الرياضى,2514,91
947,حي الروضة,1764,68
948,حي الدوحة,2500,91
949,حي الربوة,832,35
950,حي المحمدية,3310,14
951,حي المحمدية,1610,46
952,حي الريان,2436,78
953,حي اليرموك,874,40
954,حي الرفيعة,856,40
955,حي الزبارة,2030,67
956,حي الركوبة,178,83
957,حي بني عبدالاشهل,3042,41
958,حي الرمال,2506,91
959,حي الملك فهد,1626,46
960,حي الشاطئ,1432,33
961,حي الجش,1398,33
962,حي الخماشية,2028,67
963,حي الرويحة,1880,85
964,حي الروابي,2508,91
965,حي الروضة,18,2
966,حي الروضة,732,22
967,حي مختارة,136,3
968,حي الوكف,3354,26
969,حي العزيزية,744,22
970,حي الفهد,3956,57
971,حي المصيف,1786,68
972,حي العمل,510,21
973,حي النهضة,2122,7
974,حي الحضن,4372,96
975,حي المساعدية,1984,88
976,حي الاندلس,790,30
977,حي النزهة,3970,57
978,حي ميناء الملك عبدالعزيز,1330,18
979,حي الضباب,3802,1
980,حي النسيم,166,65
981,حي العزيزية,2004,25
982,حي العزيزية,2212,28
983,حي العزيزية,3280,9
984,حي المستودعات,2574,91
985,حي السر,24,2
986,حي الروضة,2718,79
987,حي الازدهار,1992,25
988,حي العقيق,3336,26
989,حي العليا,2090,6
990,حي المريكبات,1282,18
991,حي الزهرة,2114,7
992,حي البادية,1196,18
993,حي القفيفة,2242,42
994,حي القلعة,160,65
995,حي العهن,2998,41
996,حي الكليبية,3396,37
997,حي النخيل,2198,24
998,حي العزيزية,1508,45
999,حي نخب,3378,26
1000,حي المنطقة الصناعية,164,65
1001,حي الوكيف,3356,26
1002,حي الامير فواز الشمالي,3436,66
1003,حي الحاجب,2484,91
1004,حي الدانة,1814,74
1005,حي الحازم,4422,5
1006,حي كريم,2896,59
1007,حي الصقورية,880,43
1008,حي الربوة,354,19
1009,حي الربوة,730,22
1010,حي الكامل,3394,36
1011,حي البساتين,1202,18
1012,حي التلال,1748,68
1013,حي المحمدية,1512,45
1014,حي مزهرة,92,2
1015,حي اليرموك,1940,75
1016,حي الفهد,4378,96
1017,حي الجمعة,2942,41
1018,حي منطقة العريفي,1032,8
1019,حي شكر,4076,70
1020,حي البركة,3442,66
1021,حي الملك,2354,52
1022,حي الدرعية,728,22
1023,حي المثناه,3344,26
1024,حي الخزان,4010,70
1025,حي علقة,772,22
1026,حي الروضة,2112,7
1027,حي الحزم,2488,91
1028,حي شمسان,3836,1
1029,حي الملز,980,89
1030,حي المرسلات,3758,94
1031,حي الرمال,3940,57
1032,حي ضمك,4078,70
1033,حي الروضة,1558,46
1034,حي الربيع,3938,57
1035,حي الريان,1228,18
1036,حي سدير,342,17
1037,حي الفيصلية,2644,32
1038,حي التشليح,2272,52
1039,حي الصفا,2910,62
1040,حي الصبيحية,2320,52
1041,حي الصناعية,742,22
1042,حي الوادي,3976,57
1043,حي التوفيق,2276,52
1044,حي الامير محمد بن سعود,1190,18
1045,حي بني معاوية,3044,41
1046,حي السلامة,3326,26
1047,حي النقيلية,2602,91
1048,حي القدس,2448,78
1049,حي الجامعيين,1708,58
1050,حي العريش,210,84
1051,حي البلاد,2176,24
1052,حي السقيا,2972,41
1053,حي المنطقة المركزية,3024,41
1054,حي الريان,3322,26
1055,حي سوق الليل,134,3
1056,حي العليا,2544,91
1057,حي الملك عبدالعزيز,868,40
1058,حي التقوى,3690,94
1059,حي المنطقة الحرة,3672,93
1060,حي البلد,3452,66
1061,حي مطار الملك فهد الدولي,1328,18
1062,حي الوزيرية,3620,66
1063,حي الجوهرة,1132,15
1064,حي مسجد الدرع,3082,41
1065,حي الجوهرة,1712,58
1066,حي النخيل,4052,70
1067,حي المنطقة الصناعية,1008,8
1068,حي الوادي,3616,66
1069,حي الواحة,844,35
1070,حي الخزامى,3932,57
1071,حي المنطقة الصناعية الثانية,1168,15
1072,حي التعليم,2132,20
1073,حي العزيزية,1152,15
1074,حي الطريشة,180,83
1075,حي الهجلة,3778,94
1076,حي وسط المدينة,1676,46
1077,حي العبيلة,2084,6
1078,حي ابو موسى الاشعري,1740,68
1079,حي النسيم,3972,57
1080,حي الغدير,1844,80
1081,حي الريان,2144,20
1082,حي اليرموك,758,22
1083,حي الروضة,1816,74
1084,حي حاكمة ابوعريش,72,2
1085,حي الربوة,2712,79
1086,حي دارين,1736,58
1087,حي القدس,40,2
1088,حي الروضة,3942,57
1089,حي الرمة,2076,6
1090,حي الملك فهد,1164,15
1091,حي الشريبات,2982,41
1092,حي المغيسلة,3020,41
1093,حي صياح,678,21
1094,حي عريعرة,770,22
1095,حي الشيرمي,2078,6
1096,حي شهار,3368,26
1097,حي الصالحية,484,21
1098,حي الزهور,834,35
1099,حي الاذاعة,962,89
1100,حي البصرة,852,40
1101,حي البستان,2220,42
1102,حي رضوى النقادي,3258,97
1103,حي وسط البلد,3866,4
1104,حي المنهل,3820,1
1105,حي الاندلس,1682,54
1106,حي المفرق,3106,51
1107,حي النقابة,3290,9
1108,حي المسفلة,3760,94
1109,حي مركز الملك عبدالله للدراسات والبحوث,710,21
1110,حي معشي,3376,26
1111,حي الملك فهد,228,84
1112,حي ابو حجر,94,3
1113,حي الملك فهد,950,82
1114,حي جبرة,660,21
1115,حي مدينة الجفر,1672,46
1116,حي ام تلعة,2098,6
1117,حي الامير فهد بن سلمان,1126,15
1118,حي محمد العيسى,1666,46
1119,حي الاصفر,2066,6
1120,حي الافراح,2416,78
1121,حي غرناطة,816,30
1122,حي غرناطة,1862,80
1123,حي شبرا,3366,26
1124,حي الحرمين,344,19
1125,حي التعاون,1130,15
1126,حي الشهباء,2984,41
1127,حي العبدلية,2082,6
1128,حي السحابين الشمالي,2440,78
1129,حي الخزامي,2228,42
1130,حي البلد القديم,2106,7
1131,حي البلد,2804,48
1132,حي البستان,1052,12
1133,حي الضيافة,3736,94
1134,حي الدار,2952,41
1135,حي المرقب,862,40
1136,حي القادسية,2446,78
1137,حي القدس,1004,8
1138,حي الدغمية,3302,14
1139,حي الفاضلية,1596,46
1140,حي الجوهرة,1064,12
1141,حي الصديق,740,22
1142,حي الصفاء,3278,9
1143,حي الخزامى,1138,15
1144,حي الصناعية,882,43
1145,حي العزيزية,366,19
1146,حي السعادة,2148,20
1147,حي البياطرية,98,3
1148,حي السليمانية,328,17
1149,حي العزيزية,2116,7
1150,حي السلام,3272,9
1151,حي السياسب,1566,46
1152,حي الخالدية,1136,15
1153,حي الروضة,1422,33
1154,حي المنطقة الصناعية الثالثة,1012,8
1155,حي الصادقية,2986,41
1156,حي الفاروق,2736,79
1157,حي الروضة,1142,15
1158,حي سيد الشهداء,3062,41
1159,حي الملك خالد,982,89
1160,حي الناصرة,1472,33
1161,حي السليمانية,970,89
1162,حي المنتزه,2914,62
1163,حي الشهداء,3732,94
1164,حي خشم العان,666,21
1165,حي السلام,4024,70
1166,حي الريان,3944,57
1167,حي الشفا,3914,55
1168,حي التيسير,3694,94
1169,حي الزهور,798,30
1170,حي الشرق,3880,39
1171,حي حزم,1900,85
1172,حي الزهور,3946,57
1173,حي حوايا,3364,26
1174,حي الشفاء,2150,20
1175,حي الورود,2248,42
1176,حي الشرقية,3388,34
1177,حي الشعيب,2530,91
1178,حي الفيحاء,2554,91
1179,حي السلام,1838,80
1180,حي اللقائط,2740,79
1181,حي السوق,3662,73
1182,حي النهضة,3974,57
1183,حي المحمدية,928,69
1184,حي قرطبة,774,22
1185,حي الضويحي,2830,50
1186,حي الطندباوي,3738,94
1187,حي الخليج,1832,80
1188,حي المصيف,3858,4
1189,حي المدينة الصناعية الثالثة,3580,66
1190,حي الخترشية,1874,85
1191,حي مخطط الاثايبة الشمالية الزراعي,4400,96
1192,حي النزهة,1794,68
1193,حي العتيبية,3740,94
1194,حي العدل,3536,66
1195,حي التضامن,3930,57
1196,حي المسرة,3588,66
1197,حي النزهة,4054,70
1198,حي العزيزية,3334,26
1199,حي مخطط الزهور,2782,79
1200,حي السليمانية,3726,94
1201,حي المجد,926,69
1202,حي المعلمين الشرقية,1622,46
1203,حي الديرة,434,21
1204,حي الواحة,1798,68
1205,حي الصناعية,1774,68
1206,حي ام عشيرة,2250,42
1207,حي الفاخرية,2336,52
1208,حي النزهة,3348,26
1209,حي النزهة,3822,1
1210,حي الشرفية,4026,70
1211,حي الوديعة,4342,49
1212,حي بو سحبل,1648,46
1213,حي الناصرية,1990,88
1214,حي الغدير الجنوبي,2684,72
1215,حي العزيزية,908,63
1216,حي العقار,1592,46
1217,حي الصفا,3950,57
1218,حي الصحيفة,3526,66
1219,حي الصالحية,2234,42
1220,حي ابا لسعود,4366,96
1221,حي العمامرة,1260,18
1222,حي الصناعية,2002,25
1223,حي النزهة,376,19
1224,حي البوادي,4004,70
1225,حي الشفاء,3800,1
1226,حي الشماسية,2182,24
1227,حي النزلة الشرقية,3598,66
1228,حي الفالح,748,22
1229,حي الفحياء,860,40
1230,حي العنود,1262,18
1231,حي المنطقة الصناعية الثانية,2590,91
1232,حي المنطقة الصناعية الاولى,2588,91
1233,حي الهلال,2374,52
1234,حي النخيل,3286,9
1235,حي الصيهد,1582,46
1236,حي الصحنة,334,17
1237,حي النسيم,1854,80
1238,حي الرفعةالجنوبية,1552,46
1239,حي صفوان,3864,4
1240,حي قرطبة,1828,74
1241,حي الخالدية,2226,42
1242,حي البصيرة,1522,46
1243,حي منطقة الاستراحات,388,19
1244,حي طيب الاسم,4080,70
1245,حي الخرس,1542,46
1246,حي اشبيلية,2460,91
1247,حي الرفعة الشمالية,1550,46
1248,حي مخطط المنح الخاصة,2796,79
1249,حي الجغادمة,10,2
1250,حي قربان,3074,41
1251,حي الربيع,2430,78
1252,حي المدينة الصناعية الثانية,3582,66
1253,حي الربيع,796,30
1254,حي الربوة,3936,57
1255,حي غرناطة,1702,54
1256,حي الخزامى,1408,33
1257,حي السلام,3404,61
1258,حي فليج,1808,68
1259,حي البغدادية الشرقية,3448,66
1260,حي الزور,1720,58
1261,حي الحرم,3702,94
1262,حي المريخية,44,2
1263,حي هداج,2916,62
1264,حي السفارات,462,21
1265,حي خب البريدي,2384,52
1266,حي خضيراء,2398,52
1267,حي الدرع,350,19
1268,حي مخطط العريسة الشمالي,4408,96
1269,حي الحديقة,2486,91
1270,حي البدور,1870,85
1271,حي الحلة,916,69
1272,حي الزهور,3988,60
1273,حي الزهور,1836,80
1274,حي سدير,1020,8
1275,حي شمال النفل,2774,79
1276,حي المروج,2692,72
1277,حي مخطط ب,4364,81
1278,حي الطبيشي,1254,18
1279,حي مخطط الفيصلي,2792,79
1280,حي مخطط أ,4362,81
1281,حي الاندلس,4,2
1282,حي ابو شعيب,3264,9
1283,حي الخالدية,2290,52
1284,حي الخليج,994,8
1285,حي مريبدة,2638,91
1286,حي الخالدية,4374,96
1287,حي الصناعية الاولى,1250,18
1288,حي الخالدية,904,63
1289,حي العذراء,336,17
1290,حي النهضة,378,19
1291,حي الحرس الوطني,1336,27
1292,حي الحقل الاخضر,2284,52
1293,حي النفود,2600,91
1294,حي الاندلس,1812,74
1295,حي الهنداوية,3780,94
1296,حي جبل احد,3048,41
1297,حي الصناعية,4350,81
1298,حي الياسمين,2456,78
1299,حي العصبة,2996,41
1300,حي السلام,918,69
1301,حي حويلان,2382,52
1302,حي بترومين,3628,66
1303,حي دمشية,2624,91
1304,حي الساحل,1086,12
1305,حي الثغر,3462,66
1306,حي الزرقاء,4428,5
1307,حي الروضة,4018,70
1308,حي الشهداء الشمالية,3332,26
1309,حي الشورى,1884,85
1310,حي الروضة,2908,62
1311,حي اليحيى,1644,46
1312,حي الروضة,2230,42
1313,حي الياسمين,1174,15
1314,حي الدعيسة,2294,52
1315,حي الياسمين,814,30
1316,حي الصالحية,2000,25
1317,حي الصخيرات,2210,28
1318,حي التقدم,3870,39
1319,حي التغيرة,2274,52
1320,حي الربوة,2428,78
1321,حي الورود,812,30
1322,حي الوردتين,3828,1
1323,حي الرامس,1418,33
1324,حي الصناعية,1820,74
1325,حي قرطبة,1864,80
1326,حي الرابية,1360,29
1327,حي الديرة,352,19
1328,حي الدواسر,1220,18
1329,حي الورود,846,35
1330,حي القدس,752,22
1331,حي الاندلس,3786,1
1332,حي الفيصلية,750,22
1333,حي المحمدية,1160,15
1334,حي الفيصلي,3808,1
1335,حي المنتزه,2878,59
1336,حي الملك عبدالعزيز,2160,20
1337,حي الكوت النعاثل,1606,46
1338,حي البديع,1380,33
1339,حي البديعة,1382,33
1340,حي اللؤلؤة,1158,15
1341,حي المنتزه,4050,70
1342,حي المروج,1162,15
1343,حي المشتل,1468,33
1344,حي المفرق,4386,96
1345,حي القرارة والنقا,3754,94
1346,حي الفتح,4038,70
1347,حي العفاش,2734,79
1348,حي المفيجر,244,10
1349,حي العلاوة,3408,61
1350,حي القادسية,2190,24
1351,حي السلام,3170,97
1352,حي حكامية العز,128,3
1353,حي المنار,932,69
1354,حي السادلية,22,2
1355,حي البحيرة,1198,18
1356,حي السديرية,2668,72
1357,حي المليساء,3590,66
1358,حي السلام,3910,55
1359,حي الملك فيصل,2164,20
1360,حي القادسية,2154,20
1361,حي رضوى,3256,97
1362,حي الزهرة,2146,20
1363,حي الزهرة,782,23
1364,حي الجديدة,2222,42
1365,حي الفيصلية,1958,87
1366,حي الفيصلية,1156,15
1367,حي السلطانية,1362,29
1368,حي الثقافة,2474,91
1369,حي الناصرية,1294,18
1370,حي الفاروق,746,22
1371,حي الصالحية,1952,87
1372,حي البهجة,3132,97
1373,حي الشهد,4106,92
1374,حي المنطقة الصناعية,1988,88
1375,حي الشهباء,1438,33
1376,حي الشهابية,1576,46
1377,حي الشعبى,1574,46
1378,حي المنتزه,2244,42
1379,حي المنصور,3768,94
1380,حي الاسكان العام,1516,46
1381,حي الشبيكة,3728,94
1382,حي الشابطة,28,2
1383,حي الاسكان,2462,91
1384,حي السماري,330,17
1385,حي السليمانية,2852,59
1386,حي سلامة الدراج,78,2
1387,حي القدس,372,19
1388,حي شمال مقبرة اللقائط,2776,79
1389,حي سمنان,766,22
1390,حي الريان,2720,79
1391,حي الديرة,778,23
1392,حي الدانة الجنوبية,1338,27
1393,حي المطار,3964,57
1394,حي مخطط العريسة الجنوبي,4406,96
1395,حي المحمدية,1982,88
1396,حي مخطط شرق الاقليمي,2798,79
1397,حي الخليج,1754,68
1398,حي البساتين,2842,59
1399,حي الخامسة,1406,33
1400,حي مشرفة,384,19
1401,حي الخالدية,4008,70
1402,حي الخالدية,3984,60
1403,حي الخالدية,3108,71
1404,حي الخالدية,726,22
1405,حي الخالدية,12,2
1406,حي المستودعات,1464,33
1407,حي المستشفى,2092,6
1408,حي الحسين,1404,33
1409,حي الحزم,1538,46
1410,حي قرطبة,2636,91
1411,حي المعترض,226,84
1412,حي المعلمين الغربية,1624,46
1413,حي القلعة,3012,41
1414,حي الريان,1144,15
1415,حي الريان,202,84
1416,حي البوادي,3928,57
1417,حي الجرن,1534,46
1418,حي شويهة,80,2
1419,حي صديقة,82,2
1420,حي الروضة,2510,91
1421,حي الروضة,2434,78
1422,حي القوزين,3564,66
1423,حي المثناة,4044,70
1424,حي الروضة,780,23
1425,حي الروابي,2714,79
1426,حي الرماية,448,21
1427,حي اسكان الحرس الوطني,1514,46
1428,حي الرفاع,2664,72
1429,حي الربيع,1762,68
1430,حي الربيع,1224,18
1431,حي المباركية,2564,91
1432,حي الوسطى,2096,6
1433,حي المزروعية,1618,46
1434,حي النرجس,2594,91
1435,حي الضاحية,3534,66
1436,حي العويمرية,338,17
1437,حي الصناعية,1840,80
1438,حي النهضة,62,2
1439,حي الصناعية,2238,42
1440,حي الاندلس,1520,46
1441,حي الهدا,2766,79
1442,حي العزيزية,1978,88
1443,حي الصناعية,2444,78
1444,حي التعاون,3136,97
1445,حي النسيم,1302,18
1446,حي العجيبة,2328,52
1447,حي النزهة,232,84
1448,حي النهضة,2008,25
1449,حي الصفراء,2236,42
1450,حي العمال,1926,75
1451,حي النهضة,3890,39
1452,حي العبسة,2540,91
1453,حي البيبان,3688,94
1454,حي الروضة,1918,75
1455,حي الروضة,1688,54
1456,حي العليا,2006,25
1457,حي قاعدة الملك فيصل البحرية,3640,66
1458,حي العرق الشمالي,4034,70
1459,حي الملاحة,1470,33
1460,حي العثمانية,240,10
1461,حي الروضة,356,19
1462,حي الربيع,16,2
1463,حي عبداللطيف العيسى,1660,46
1464,حي اللؤلؤ,3216,97
1465,حي الربيعية,1716,58
1466,حي الملز,1938,75
1467,حي العليا,2832,50
1468,حي الرفيعة,2432,78
1469,حي الرزيقية,2206,28
1470,حي الصفاء,1886,85
1471,حي الجرعاوي,2654,72
1472,حي النور,1858,80
1473,حي البديع والقرفي,6,2
1474,حي الاندلس,2130,20
1475,حي الجبل,144,65
1476,حي الفيصلية,4380,96
1477,حي الفيصلية الشمالية,2870,59
1478,حي دحضة,4390,96
1479,حي السبيل,3502,66
1480,حي النخيل,3968,57
1481,حي التعليم,2072,6
1482,حي الزهور,1818,74
1483,حي الروضة الشمالية,4346,81
1484,حي الجديد,3094,51
1485,حي الزغبية,2520,91
1486,حي سماح,2064,67
1487,حي سنام,2628,91
1488,حي الملك فهد,872,40
1489,حي الطريف,308,16
1490,حي الناعمية,3392,34
1491,حي الطوير,2730,79
1492,حي العروبة,1888,85
1493,حي الرابية,1222,18
1494,حي المعزاب,4046,70
1495,حي الخشع,3790,1
1496,حي مدينة العيون الصناعية,1374,29
1497,حي الخزان,2426,78
1498,حي البستان,792,30
1499,حي المروج,224,84
1500,حي المصايدة,50,2
1501,حي الخالدية,4098,92
1502,حي الخالدية,3840,4
1503,حي النصب,3826,1
1504,حي المصانع,3016,41
1505,حي المشيريف,3230,97
1506,حي العزيزية,2732,79
1507,حي الخالدية,192,84
1508,حي النسيم 2,1372,29
1509,حي الحمراء,1134,15
1510,حي ابن صبيح,2258,52
1511,حي المروج,3962,57
1512,حي الحفيا,2946,41
1513,حي الحصامة,100,3
1514,حي الحصاة,2282,52
1515,حي الحسيني,188,84
1516,حي التجاري,2904,62
1517,حي العزيزية الجديدة,2860,59
1518,حي المساعدية,1936,75
1519,حي مدينة العمران,1674,46
1520,حي الخليج,828,35
1521,حي العروبة,1954,87
1522,حي النفل,2764,79
1523,حي البحيرة,3128,97
1524,حي النزهة,3920,55
1525,حي الديرة,1834,80
1526,حي النقى,1856,80
1527,حي المجد,3220,97
1528,حي الديرة,324,17
1529,حي الدوبية,432,21
1530,حي مجعر,184,83
1531,حي المجيدية,1456,33
1532,حي المحار,1910,90
1533,حي الدغادير,102,3
1534,حي المطلع,116,3
1535,حي مخطط الامل,2780,79
1536,حي مخطط الحصين الزراعي,4402,96
1537,حي الدحلة,2074,6
1538,حي الدانة,1218,18
1539,حي العز,108,3
1540,حي العزيزية,212,84
1541,حي العقيق,2542,91
1542,حي المطار,2156,20
1543,حي مخطط القديم,2794,79
1544,حي المحمدية,2742,79
1545,حي مخطط غرب الاقليمي,2800,79
1546,حي خب الجطيبي,2386,52
1547,حي العزيزية القديمة,2862,59
1548,حي السعادة,2848,59
1549,حي البوادي,1386,33
1550,حي ام سرور,4066,70
1551,حي الجابرية 2,3140,97
1552,حي الصقرات,2324,52
1553,حي المنصورة,1628,46
1554,حي البلد,3400,61
1555,حي الباطن,912,69
1556,حي المنتزه,1850,80
1557,حي المهرجان,2884,59
1558,حي الشفاء,784,23
1559,حي الياقوت,1484,33
1560,حي العوامية,1446,33
1561,حي الشامية,156,65
1562,حي الورود,2010,25
1563,حي البندر,3130,97
1564,حي الشعيب,920,69
1565,حي الشيخ,2854,59
1566,حي الشماس,2316,52
1567,حي الفرعة,924,69
1568,حي الفيصلية,370,19
1569,حي جامعة الملك عبدالله للعلوم والتقنية,3418,64
1570,حي الفردوس,1692,54
1571,حي الواسط,2200,24
1572,حي النخيل,230,84
1573,حي اليمامة,1734,58
1574,حي الصفراء,2538,91
1575,حي الجامعة العربية,3146,97
1576,حي الصناعية,1442,33
1577,حي الورود,936,69
1578,حي السلام,2208,28
1579,حي العيون,3206,97
1580,حي الصالحية,2856,59
1581,حي الشعوب,30,2
1582,حي حطين,2622,91
1583,حي الاوجام,1868,85
1584,حي برزان,2060,67
1585,حي حلة محيش,1494,33
1586,حي الواحة,1476,33
1587,حي الغدير,802,30
1588,حي الوسيطا,628,21
1589,حي الصناعية,364,19
1590,حي النخيل,808,30
1591,حي الصدفة,1722,58
1592,حي الصفا,2808,48
1593,حي الصفاء,206,84
1594,حي السلام,836,35
1595,حي حصيدة,2706,72
1596,حي الفيصلية,3960,57
1597,حي بحرة,68,2
1598,حي الفيصلية,3114,71
1599,حي الفيصلية,4354,81
1600,حي المنار,1788,68
1601,حي الغضا,2548,91
1602,حي حي الصوالحة,2770,79
1603,حي الصناعية,3530,66
1604,حي المحمدية,1932,75
1605,حي الديرة,830,35
1606,حي مخطط الفياض,2790,79
1607,حي الحارثية,3294,14
1608,حي العقيق,1908,90
1609,حي ام الجزم,1486,33
1610,حي قمبر,4084,70
1611,حي مخطط الصناعية,2786,79
1612,حي المعاقلة,2760,79
1613,حي مبترية,90,2
1614,حي التضامن,914,69
1615,حي الفلاح,3208,97
1616,حي البستان,2468,91
1617,حي ابو عروة,3266,9
1618,حي الفيحاء,1154,15
1619,حي المطر,2758,79
1620,حي الديار,3160,97
1621,حي المحمدية ب,2744,79
1622,حي المحطة,2040,67
1623,حي الفيحاء,3958,57
1624,حي الفيصل,3212,97
1625,حي الشهارين,1578,46
1626,حي المحمديه ه,2754,79
1627,حي النسيم,60,2
1628,حي مخطط عبداللطيف جميل,1026,8
1629,حي الخالدية,1948,87
1630,حي منطقة المرافق,3678,93
1631,حي المشهد,3228,97
1632,حي الميدان,2196,24
1633,حي الميزاب,122,3
1634,حي الحجاز,3982,60
1635,حي المزعبر,2042,67
1636,حي الخالد,3154,97
1637,حي الورود,2890,59
1638,حي المروج,1462,33
1639,حي المروج,2756,79
1640,حي العزيزية,3202,97
1641,حي العزيزية,3806,1
1642,حي الحفيرة,2490,91
1643,حي الغزالة,3992,60
1644,حي الحصيمه,1356,29
1645,حي الصفا,106,3
1646,حي الحزم,826,35
1647,حي الصفاه الشمالي,2676,72
1648,حي العقدة,38,2
1649,حي الخالدية,2806,48
1650,حي الخالدية,3300,14
1651,حي ابو سليم,818,35
1652,حي الخليج,1950,87
1653,حي المحمدية د,2746,79
1654,حي المحمدية و,2752,79
1655,حي المنطقة الصناعية,2052,67
1656,حي الخضراء,176,83
1657,حي الورود,1962,87
1658,حي الفردوس,1846,80
1659,حي الشويكة,1440,33
1660,حي الشروق,3186,97
1661,حي الفاروق,3544,66
1662,حي المدوية,2568,91
1663,حي البستان,820,35
1664,حي العزيزية,1956,87
1665,حي الصالحية,972,89
1666,حي النعيم,1826,74
1667,حي الياقوت,3254,97
1668,حي النظيم,2598,91
1669,حي الخالدية,3872,39
1670,حي الشعبة,1572,46
1671,حي قارا,2778,79
1672,حي الشروق,1570,46
1673,حي العمل,1890,85
1674,حي الريحان,1882,85
1675,حي جنوب المستشفى العسكري,4358,81
1676,حي جنوب الخالدية,1942,75
1677,حي الواحة,3252,97
1678,حي القديح,1450,33
1679,حي الجربة,4370,96
1680,حي الريان,1974,88
1681,حي الامير نايف,1128,15
1682,حي شرق الضباط,4392,96
1683,حي الجردة,2280,52
1684,حي الطف,1842,80
1685,حي شمال الضباط,4394,96
1686,حي الروقية,306,16
1687,حي الجامعي,2476,91
1688,حي شمال النموذجية,1946,75
1689,حي العود,976,89
1690,حي جامعة الملك فيصل,1650,46
1691,حي الروضة الجنوبية,4344,81
1692,حي القريات,3560,66
1693,حي التعاون,2420,78
1694,حي جامعة الملك فهد للبترول والمعادن,1352,27
1695,حي الريف,1424,33
1696,حي الزراعي,2666,72
1697,حي المجد,222,84
1698,حي النزلة اليمانية,3600,66
1699,حي السعادة,204,84
1700,حي الصناعية,3952,57
1701,حي السد,3794,1
1702,حي خذماء,2708,72
1703,حي البدع,2174,24
1704,حي السحابين الجنوبي,2438,78
1705,حي السلاح,2442,78
1706,حي النخيل,3998,60
1707,حي البويطن,2470,91
1708,حي الزيتون,3904,55
1709,حي الملك فهد الجنوبي,2698,72
1710,حي الهميلة,4062,70
1711,حي ربوة الحاجب,2626,91
1712,حي السلام,26,2
1713,حي الملك فهد,2162,20
1714,حي الضباط,4376,96
1715,حي الفيصلية,1980,88
1716,حي العمارية,3540,66
1717,حي زبيدة,2458,78
1718,حي سدر,3292,9
1719,حي السلام,1998,25
1720,حي القزاز,1276,18
1721,حي صدر الغربية,2218,28
1722,حي القسوم,114,3
1723,حي النخيل,1698,54
1724,حي الشاطئ,3182,97
1725,حي الربيع,3898,55
1726,حي الربيع,3164,97
1727,حي اللؤلؤ,1726,58
1728,حي النزهة,3242,97
1729,حي العدوة,3100,51
1730,حي الوديعة,1478,33
1731,حي الربيع,194,84
1732,حي الجارودية,1392,33
1733,حي النهضة,1172,15
1734,حي الجميماء,1916,75
1735,حي الربوة,2906,62
1736,حي العرق الجنوبي,4032,70
1737,حي الجابرية,3138,97
1738,حي العوضية,1364,29
1739,حي قامرة,86,2
1740,حي الربوة,1878,85
1741,حي المبرز,1498,38
1742,حي المنزم,118,3
1743,حي الرابية,1756,68
1744,حي المنشية القديمة,2882,59
1745,حي عكاظ,2632,91
1746,حي ارامكو,1122,15
1747,حي الرحمة,3482,66
1748,حي القيروان,2562,91
1749,حي العليا,2682,72
1750,حي الباهر,4420,5
1751,حي الاسكان,1742,68
1752,حي الصناعية,1506,45
1753,حي العتبان,1588,46
1754,حي السوق,3406,61
1755,حي السوق القديم,3306,14
1756,حي طويق,768,22
1757,حي الروضة,104,3
1758,حي الكرامة,3566,66
1759,حي ارامكو,1678,54
1760,حي الجزيرة,822,35
1761,حي العلوة,368,19
1762,حي الجزيرة,4006,70
1763,حي الركبة,236,10
1764,حي العثمانية,2086,6
1765,حي الواسط,124,3
1766,حي تثليث,4002,60
1767,حي العدالة,3884,39
1768,حي الصناعية,974,89
1769,حي العمارية,110,3
